id;name;gender;dob;mobile_number;address;qualification;experience
1;Account program Kyat;Avon indexing;2022-10-31;Saint parsing;Outdoors Chicken;Cotton;26
2;Reactive quantify Handcrafted;Mexico;2022-10-30;Supervisor Industrial Industrial;Iceland;Legacy redundant deliver;41
3;standardization;Leone;2022-10-31;bandwidth;Rubber;front-end;26
4;THX neutral;navigating Gorgeous interface;2022-10-30;Ergonomic withdrawal;Steel Loan Public-key;Fish Corporate uniform;50
5;upward-trending Sausages navigating;Designer;2022-10-30;Rustic Market plug-and-play;encryption;backing;50
6;magenta workforce;Kwanza;2022-10-30;tolerance;haptic Pants;Florida Universal;34
7;Computer;attitude-oriented Incredible;2022-10-30;Virginia;scalable Security Intuitive;interactive experiences 1080p;0
8;metrics scale;Steel;2022-10-30;Moldova;Division Cambridgeshire;and District auxiliary;12
9;budgetary Dynamic transmit;synthesize Garden;2022-10-30;Moldova;Unions West;Industrial Streets;15
10;Ball;green repurpose;2022-10-30;Oklahoma implementation Representative;Account;payment;18
