id;name;gender;dob;mobile_number;address;qualification
1;Cotton;indexing relationships integrate;2022-10-31;Optimization synthesizing Fields;innovate;cyan
2;Bacon;Profit-focused bleeding-edge global;2022-10-31;leading-edge Computer Programmable;Gloves scalable Texas;Soap THX
3;Direct Wooden Soap;niches parse;2022-10-31;magenta info-mediaries interactive;Account matrix Centers;PCI Home Account
4;Virginia District Frozen;Groves contingency;2022-10-30;National HTTP;payment help-desk;Quality invoice Ergonomic
5;Refined open;Bedfordshire Baby reinvent;2022-10-30;Future Gorgeous;Cotton Computers;synergize
6;ROI seamless front-end;redundant Computer program;2022-10-30;Guadeloupe;unleash Plastic;Tasty
7;Profound Agent;Chair Designer Handcrafted;2022-10-30;Virtual Refined;Health Chicken;COM
8;Buckinghamshire;parse bypassing;2022-10-30;Territory;Metal;Human
9;niches;AGP;2022-10-31;Arizona;Practical supply-chains;Data
10;Gorgeous;bus;2022-10-30;Intelligent compress;Executive Togo;infomediaries
