id;username;user_type;user_type_id;email_id;password;is_disabled;created_at;updated_at
1;Sleek Markets Regional;Park Steel Berkshire;56502;capacitor;indexing;false;2022-10-30T17:02:36;2022-10-30T22:04:41
2;Market Object-based;Qatar;6176;Tuna;application Buckinghamshire;false;2022-10-30T13:36:22;2022-10-31T04:23:37
3;wireless Chicken redefine;evolve Garden dynamic;45521;Loan Frozen Concrete;Serbia;false;2022-10-31T04:45:05;2022-10-30T23:43:08
4;engage Universal Tennessee;programming Small;5792;Rustic Quality-focused Investment;override turquoise Account;true;2022-10-30T11:00:31;2022-10-30T20:26:40
5;wireless;Steel;98022;Music Research implement;Interactions;true;2022-10-30T12:26:30;2022-10-31T05:41:09
6;portal Gorgeous auxiliary;Data;41344;markets;Computer Analyst;false;2022-10-30T14:38:44;2022-10-30T12:48:06
7;withdrawal Health;microchip;643;Engineer;e-tailers Dollar Yemeni;true;2022-10-30T22:57:59;2022-10-30T18:19:28
8;Customer Avon logistical;navigating;80213;seamless digital De-engineered;front-end maximized;false;2022-10-30T21:42:17;2022-10-30T18:38:44
9;Granite Hawaii;Cambridgeshire Legacy Developer;77449;Bedfordshire;maroon Virginia;false;2022-10-31T07:22:19;2022-10-30T16:57:59
10;SMTP;Garden Pants Fresh;65508;Poland Personal French;interface Down-sized;false;2022-10-30T19:09:39;2022-10-30T13:35:28
